{"cameraMode":{"drawMode":0,"name":"Shaded","section":"Shading Mode"},"sceneLighting":true,"audioPlay":false,"sceneViewState":{"showFog":true,"showMaterialUpdate":true,"showSkybox":false,"showFlares":true,"showImageEffects":true,"showParticleSystems":true,"showVisualEffectGraphs":true,"m_FxEnabled":true},"in2DMode":false,"pivot":{"x":1.0375585556030274,"y":3.6364190578460695,"z":-4.151396751403809},"rotation":{"x":0.05725923925638199,"y":-0.027271052822470666,"z":0.0015841219574213029,"w":0.9980098009109497},"size":8.388525009155274,"orthographic":false}